Name,Total Terpenes (%),3-Carene,Borneol,Camphene,Camphor,Caryophyllene oxide,Cedrene,Cedrol,Eucalyptol,Farnesene,Fenchone,Total Terpenes (%),alpha-Bisabolol,alpha-Humulene,alpha-Phellandrene,alpha-Pinene,alpha-Terpinene,alpha-Terpineol,beta-Myrcene,beta-Pinene,cis-Nerolidol,cis-Ocimene
5407.1,6.2800,0.02000,0.1300,0.03000,0,0.08000,0,0,0.01000,0.03000,0.01000,6.2800,0.2200,0.3000,0.02000,1.920,0,0.07000,2.770,0.6100,0.06000,0
5408.1,6.5400,0,0.2100,0,0,0,0,0,0,0,0,6.5400,0,0.3000,0,1.480,0,0.1100,3.950,0.4900,0,0
5409.1,3.1900,0.01000,0.2200,0.03000,0,0.08000,0,0,0,0.06000,0,3.1900,0.3100,0.7800,0.01000,0.2500,0.01000,0.1600,1.210,0,0.06000,0
5410.1,5.5900,0.1200,0.2700,0,0,0.1000,0,0,0,1.160,0,5.5900,0.1300,0.3900,0.1400,1.000,0,0.1800,1.660,0.3700,0,0.07000
5498.1,1.0300,0,0.01000,0.02000,0,0.04000,0,0,0,0.4400,0,1.0300,0.06000,0.1700,0,0.07000,0,0.03000,0.09000,0.09000,0.01000,0
5499.1,0.7800,0,0.01000,0.01000,0,0.04000,0,0,0,0.3200,0,0.7800,0.03000,0.1600,0,0.05000,0,0.02000,0.07000,0.05000,0.02000,0
5500.1,0.8700,0,0.01000,0.01000,0,0.03000,0,0,0,0.02000,0.01000,0.8700,0.04000,0.1500,0,0.2300,0,0.04000,0.1900,0.1100,0.01000,0.02000
